{"error": false, "size": [1920, 1080], "name": "Hypocrisy", "version": "1.0", "location": {"label": {"start": ["game/script.rpy", 27]}, "define": {"gui.system_font": ["game/tl/None/common.rpym", 1272], "gui.accent_color": ["game/gui.rpy", 26], "gui.idle_color": ["game/gui.rpy", 30], "gui.idle_small_color": ["game/gui.rpy", 34], "gui.hover_color": ["game/gui.rpy", 37], "gui.selected_color": ["game/gui.rpy", 42], "gui.insensitive_color": ["game/gui.rpy", 45], "gui.muted_color": ["game/gui.rpy", 49], "gui.hover_muted_color": ["game/gui.rpy", 50], "gui.text_color": ["game/gui.rpy", 53], "gui.interface_text_color": ["game/gui.rpy", 54], "gui.text_font": ["game/gui.rpy", 60], "gui.name_text_font": ["game/gui.rpy", 63], "gui.interface_text_font": ["game/gui.rpy", 66], "gui.text_size": ["game/gui.rpy", 69], "gui.name_text_size": ["game/gui.rpy", 72], "gui.interface_text_size": ["game/gui.rpy", 75], "gui.label_text_size": ["game/gui.rpy", 78], "gui.notify_text_size": ["game/gui.rpy", 81], "gui.title_text_size": ["game/gui.rpy", 84], "gui.main_menu_background": ["game/gui.rpy", 90], "gui.game_menu_background": ["game/gui.rpy", 91], "gui.textbox_height": ["game/gui.rpy", 99], "gui.textbox_yalign": ["game/gui.rpy", 103], "gui.name_xpos": ["game/gui.rpy", 108], "gui.name_ypos": ["game/gui.rpy", 109], "gui.name_xalign": ["game/gui.rpy", 113], "gui.namebox_width": ["game/gui.rpy", 117], "gui.namebox_height": ["game/gui.rpy", 118], "gui.namebox_borders": ["game/gui.rpy", 122], "gui.namebox_tile": ["game/gui.rpy", 126], "gui.dialogue_xpos": ["game/gui.rpy", 131], "gui.dialogue_ypos": ["game/gui.rpy", 132], "gui.dialogue_width": ["game/gui.rpy", 135], "gui.dialogue_text_xalign": ["game/gui.rpy", 139], "gui.button_width": ["game/gui.rpy", 149], "gui.button_height": ["game/gui.rpy", 150], "gui.button_borders": ["game/gui.rpy", 153], "gui.button_tile": ["game/gui.rpy", 157], "gui.button_text_font": ["game/gui.rpy", 160], "gui.button_text_size": ["game/gui.rpy", 163], "gui.button_text_idle_color": ["game/gui.rpy", 166], "gui.button_text_hover_color": ["game/gui.rpy", 167], "gui.button_text_selected_color": ["game/gui.rpy", 168], "gui.button_text_insensitive_color": ["game/gui.rpy", 169], "gui.button_text_xalign": ["game/gui.rpy", 172], "gui.radio_button_borders": ["game/gui.rpy", 180], "gui.check_button_borders": ["game/gui.rpy", 182], "gui.confirm_button_text_xalign": ["game/gui.rpy", 184], "gui.page_button_borders": ["game/gui.rpy", 186], "gui.quick_button_borders": ["game/gui.rpy", 188], "gui.quick_button_text_size": ["game/gui.rpy", 189], "gui.quick_button_text_idle_color": ["game/gui.rpy", 190], "gui.quick_button_text_selected_color": ["game/gui.rpy", 191], "gui.choice_button_width": ["game/gui.rpy", 204], "gui.choice_button_height": ["game/gui.rpy", 205], "gui.choice_button_tile": ["game/gui.rpy", 206], "gui.choice_button_borders": ["game/gui.rpy", 207], "gui.choice_button_text_font": ["game/gui.rpy", 208], "gui.choice_button_text_size": ["game/gui.rpy", 209], "gui.choice_button_text_xalign": ["game/gui.rpy", 210], "gui.choice_button_text_idle_color": ["game/gui.rpy", 211], "gui.choice_button_text_hover_color": ["game/gui.rpy", 212], "gui.choice_button_text_insensitive_color": ["game/gui.rpy", 213], "gui.slot_button_width": ["game/gui.rpy", 223], "gui.slot_button_height": ["game/gui.rpy", 224], "gui.slot_button_borders": ["game/gui.rpy", 225], "gui.slot_button_text_size": ["game/gui.rpy", 226], "gui.slot_button_text_xalign": ["game/gui.rpy", 227], "gui.slot_button_text_idle_color": ["game/gui.rpy", 228], "gui.slot_button_text_selected_idle_color": ["game/gui.rpy", 229], "gui.slot_button_text_selected_hover_color": ["game/gui.rpy", 230], "config.thumbnail_width": ["game/gui.rpy", 233], "config.thumbnail_height": ["game/gui.rpy", 234], "gui.file_slot_cols": ["game/gui.rpy", 237], "gui.file_slot_rows": ["game/gui.rpy", 238], "gui.navigation_xpos": ["game/gui.rpy", 246], "gui.skip_ypos": ["game/gui.rpy", 249], "gui.notify_ypos": ["game/gui.rpy", 252], "gui.choice_spacing": ["game/gui.rpy", 255], "gui.navigation_spacing": ["game/gui.rpy", 258], "gui.pref_spacing": ["game/gui.rpy", 261], "gui.pref_button_spacing": ["game/gui.rpy", 264], "gui.page_spacing": ["game/gui.rpy", 267], "gui.slot_spacing": ["game/gui.rpy", 270], "gui.main_menu_text_xalign": ["game/gui.rpy", 273], "gui.frame_borders": ["game/gui.rpy", 282], "gui.confirm_frame_borders": ["game/gui.rpy", 285], "gui.skip_frame_borders": ["game/gui.rpy", 288], "gui.notify_frame_borders": ["game/gui.rpy", 291], "gui.frame_tile": ["game/gui.rpy", 294], "gui.bar_size": ["game/gui.rpy", 306], "gui.scrollbar_size": ["game/gui.rpy", 307], "gui.slider_size": ["game/gui.rpy", 308], "gui.bar_tile": ["game/gui.rpy", 312], "gui.scrollbar_tile": ["game/gui.rpy", 313], "gui.slider_tile": ["game/gui.rpy", 314], "gui.bar_borders": ["game/gui.rpy", 317], "gui.scrollbar_borders": ["game/gui.rpy", 318], "gui.slider_borders": ["game/gui.rpy", 319], "gui.vbar_borders": ["game/gui.rpy", 322], "gui.vscrollbar_borders": ["game/gui.rpy", 323], "gui.vslider_borders": ["game/gui.rpy", 324], "gui.unscrollable": ["game/gui.rpy", 328], "config.history_length": ["game/gui.rpy", 336], "gui.history_height": ["game/gui.rpy", 340], "gui.history_name_xpos": ["game/gui.rpy", 343], "gui.history_name_ypos": ["game/gui.rpy", 344], "gui.history_name_width": ["game/gui.rpy", 345], "gui.history_name_xalign": ["game/gui.rpy", 346], "gui.history_text_xpos": ["game/gui.rpy", 349], "gui.history_text_ypos": ["game/gui.rpy", 350], "gui.history_text_width": ["game/gui.rpy", 351], "gui.history_text_xalign": ["game/gui.rpy", 352], "gui.nvl_borders": ["game/gui.rpy", 360], "gui.nvl_list_length": ["game/gui.rpy", 364], "gui.nvl_height": ["game/gui.rpy", 368], "gui.nvl_spacing": ["game/gui.rpy", 372], "gui.nvl_name_xpos": ["game/gui.rpy", 375], "gui.nvl_name_ypos": ["game/gui.rpy", 376], "gui.nvl_name_width": ["game/gui.rpy", 377], "gui.nvl_name_xalign": ["game/gui.rpy", 378], "gui.nvl_text_xpos": ["game/gui.rpy", 381], "gui.nvl_text_ypos": ["game/gui.rpy", 382], "gui.nvl_text_width": ["game/gui.rpy", 383], "gui.nvl_text_xalign": ["game/gui.rpy", 384], "gui.nvl_thought_xpos": ["game/gui.rpy", 388], "gui.nvl_thought_ypos": ["game/gui.rpy", 389], "gui.nvl_thought_width": ["game/gui.rpy", 390], "gui.nvl_thought_xalign": ["game/gui.rpy", 391], "gui.nvl_button_xpos": ["game/gui.rpy", 394], "gui.nvl_button_xalign": ["game/gui.rpy", 395], "gui.language": ["game/gui.rpy", 403], "quick_menu": ["game/screens.rpy", 264], "gui.history_allow_tags": ["game/screens.rpy", 903], "config.nvl_list_length": ["game/screens.rpy", 1326], "config.name": ["game/options.rpy", 14], "gui.show_name": ["game/options.rpy", 20], "config.version": ["game/options.rpy", 25], "gui.about": ["game/options.rpy", 31], "build.name": ["game/options.rpy", 38], "config.has_sound": ["game/options.rpy", 47], "config.has_music": ["game/options.rpy", 48], "config.has_voice": ["game/options.rpy", 49], "config.enter_transition": ["game/options.rpy", 74], "config.exit_transition": ["game/options.rpy", 75], "config.intra_transition": ["game/options.rpy", 80], "config.after_load_transition": ["game/options.rpy", 85], "config.end_game_transition": ["game/options.rpy", 90], "config.window": ["game/options.rpy", 106], "config.window_show_transition": ["game/options.rpy", 111], "config.window_hide_transition": ["game/options.rpy", 112], "config.save_directory": ["game/options.rpy", 143], "config.window_icon": ["game/options.rpy", 150], "Q": ["game/script.rpy", 15], "SC1": ["game/script.rpy", 16], "SC2": ["game/script.rpy", 17], "SC3": ["game/script.rpy", 18], "SC4": ["game/script.rpy", 19], "SC5": ["game/script.rpy", 20], "SCE": ["game/script.rpy", 23], "SC": ["game/script.rpy", 24]}, "screen": {"say": ["game/screens.rpy", 96], "input": ["game/screens.rpy", 173], "choice": ["game/screens.rpy", 206], "quick_menu": ["game/screens.rpy", 1395], "navigation": ["game/screens.rpy", 285], "main_menu": ["game/screens.rpy", 348], "game_menu": ["game/screens.rpy", 412], "about": ["game/screens.rpy", 537], "save": ["game/screens.rpy", 576], "load": ["game/screens.rpy", 583], "file_slots": ["game/screens.rpy", 591], "preferences": ["game/screens.rpy", 704], "history": ["game/screens.rpy", 862], "help": ["game/screens.rpy", 950], "keyboard_help": ["game/screens.rpy", 979], "mouse_help": ["game/screens.rpy", 1030], "gamepad_help": ["game/screens.rpy", 1053], "confirm": ["game/screens.rpy", 1118], "notify": ["game/screens.rpy", 1235], "nvl": ["game/screens.rpy", 1274], "nvl_dialogue": ["game/screens.rpy", 1306]}, "transform": {"delayed_blink": ["game/screens.rpy", 1198], "notify_appear": ["game/screens.rpy", 1246]}, "callable": {"touch": ["game/gui.rpy", 414], "small": ["game/gui.rpy", 421]}}, "build": {"directory_name": "Hypocrisy-1.0", "executable_name": "Hypocrisy", "include_update": false, "packages": [{"name": "pc", "formats": ["zip"], "file_lists": ["windows", "linux", "renpy", "all"], "description": "PC: Windows and Linux", "update": true, "dlc": false, "hidden": false}, {"name": "linux", "formats": ["tar.bz2"], "file_lists": ["linux", "linux_arm", "renpy", "all"], "description": "Linux", "update": true, "dlc": false, "hidden": false}, {"name": "mac", "formats": ["app-zip", "app-dmg"], "file_lists": ["mac", "renpy", "all"], "description": "Macintosh", "update": true, "dlc": false, "hidden": false}, {"name": "win", "formats": ["zip"], "file_lists": ["windows", "renpy", "all"], "description": "Windows", "update": true, "dlc": false, "hidden": false}, {"name": "market", "formats": ["bare-zip"], "file_lists": ["windows", "linux", "mac", "renpy", "all"], "description": "Windows, Mac, Linux for Markets", "update": true, "dlc": false, "hidden": false}, {"name": "steam", "formats": ["zip"], "file_lists": ["windows", "linux", "mac", "renpy", "all"], "description": "steam", "update": true, "dlc": false, "hidden": true}, {"name": "android", "formats": ["directory"], "file_lists": ["android", "all"], "description": "android", "update": false, "dlc": true, "hidden": true}, {"name": "ios", "formats": ["directory"], "file_lists": ["ios", "all"], "description": "ios", "update": false, "dlc": true, "hidden": true}, {"name": "web", "formats": ["zip"], "file_lists": ["web", "all"], "description": "web", "update": false, "dlc": true, "hidden": true}], "archives": [["archive", ["all"]]], "documentation_patterns": ["*.html", "*.txt"], "base_patterns": [["*.py", null], ["*.sh", null], ["*.app/", null], ["*.dll", null], ["*.manifest", null], ["lib/", null], ["renpy/", null], ["update/", null], ["common/", null], ["update/", null], ["old-game/", null], ["icon.ico", null], ["icon.icns", null], ["project.json", null], ["log.txt", null], ["errors.txt", null], ["traceback.txt", null], ["image_cache.txt", null], ["text_overflow.txt", null], ["dialogue.txt", null], ["dialogue.tab", null], ["profile_screen.txt", null], ["files.txt", null], ["memory.txt", null], ["tmp/", null], ["game/saves/", null], ["game/bytecode.rpyb", null], ["archived/", null], ["launcherinfo.py", null], ["android.txt", null], ["game/presplash*.*", ["all"]], [".android.json", ["android"]], ["android-*.png", ["android"]], ["android-*.jpg", ["android"]], ["ouya_icon.png", null], ["ios-presplash.*", ["ios"]], ["ios-launchimage.png", null], ["ios-icon.png", null], ["web-presplash.png", ["web"]], ["web-presplash.jpg", ["web"]], ["web-presplash.webp", ["web"]], ["progressive_download.txt", ["web"]], ["steam_appid.txt", null], ["**~", null], ["**.bak", null], ["**/.**", null], ["**/#**", null], ["**/thumbs.db", null], [".*", null], ["**", ["all"]]], "renpy_patterns": [["renpy/common/_compat/**", null], ["renpy/common/_roundrect/**", null], ["renpy/common/_outline/**", null], ["renpy/common/_theme**", null], ["lib/**/_ssl.*", null], ["renpy/**__pycache__/**.cpython-39.pyc", ["all"]], ["renpy/**__pycache__", ["all"]], ["**~", null], ["**/#*", null], ["**/.*", null], ["**.old", null], ["**.new", null], ["**.rpa", null], ["**/steam_appid.txt", null], ["renpy.py", ["all"]], ["renpy/", ["all"]], ["renpy/**.py", ["renpy"]], ["renpy/**.pxd", null], ["renpy/**.pxi", null], ["renpy/**.pyx", null], ["renpy/**.pyc", null], ["renpy/**.pyo", null], ["renpy/common/", ["all"]], ["renpy/common/_compat/**", ["renpy"]], ["renpy/common/**.rpy", ["renpy"]], ["renpy/common/**.rpym", ["renpy"]], ["renpy/common/_compat/**", ["renpy"]], ["renpy/common/**", ["all"]], ["renpy/**", ["all"]], ["lib/*/renpy", null], ["lib/*/renpy.exe", null], ["lib/*/pythonw.exe", null], ["lib/py2-*/", null], ["lib/py*-windows-i686/**", ["windows_i686"]], ["lib/py*-windows-x86_64/**", ["windows"]], ["lib/py*-linux-i686/**", ["linux_i686"]], ["lib/py*-linux-aarch64/**", ["linux_arm"]], ["lib/py*-linux-armv7l/**", ["linux_arm"]], ["lib/py*-linux-*/**", ["linux"]], ["lib/py*-mac-*/**", ["mac"]], ["lib/python2.*/**", null], ["lib/**", ["windows", "linux", "mac", "android", "ios"]], ["renpy.sh", ["linux", "mac"]]], "xbit_patterns": ["**.sh", "lib/py*-linux-*/*", "lib/py*-mac-*/*", "**.app/Contents/MacOS/*"], "version": "1.0", "display_name": "Hypocrisy", "exclude_empty_directories": true, "allow_integrated_gpu": true, "renpy": false, "script_version": true, "destination": "Hypocrisy-1.0-dists", "mac_info_plist": {}, "merge": [["linux_i686", "linux"], ["windows_i686", "windows"]], "include_i686": true, "change_icon_i686": true, "android_permissions": [], "_sdk_fonts": false}}